TreeID,TreePosX(meter),TreePosY(meter),TreePosZ(meter),Tree Height(meter),DBH(meter),Crown Diameter(meter),Crown Diameter(S-N)(meter),Crown Diameter(E-W)(meter),Crown Area(square meter),Crown Volume(cubic meter),CBH(meter),Altitude(meter),Old Tree ID
1,531701.38,489200.049,1.3,9.8,0.168,17.7,17.5,18,117.3,424.7,2.1,894.9,10
2,531648.641,489119.398,14.437,24,0,29,28,30,560.6,2434.7,4.8,893.8,6
3,531679.957,489167.902,1.3,3,0.477,15.1,12.9,17.7,111.2,475.1,2.5,895.6,3
4,531658.774,489144.638,1.3,4.7,0.076,2.7,2.1,3.6,4.9,8.2,2.8,895.8,7
5,531695.596,489183.961,10.145,10.1,0,26.4,27.3,25.6,420.4,2135.4,4.3,896.2,1
6,531681.624,489169.26,1.3,5.1,0.146,24,25.1,23,372.2,1462,1.4,899.1,2
7,531683.081,489170.653,1.3,3.6,0.066,27.5,23.9,31.6,477.4,2405.6,2.4,895.8,11
8,531659.447,489137.598,7.687,3.3,0,22.2,14.3,34.5,285.2,1045,2.4,895.1,5
9,531699.697,489166.11,8.393,5.2,0,16.4,12.2,22.1,176,752.3,3,917,4
10,531717.424,489135.73,1.3,23.8,0.322,13.8,9.6,19.8,141.2,614.2,14.7,944,19
11,531689.482,489136.92,1.3,2.6,0.113,23.8,19.5,29.1,407.1,2644.9,8.7,917.9,14
12,531716.024,489210.835,1.3,4.7,0.219,139.6,138.5,140.8,5442.1,36402.3,5.3,875.8,15
13,531718.014,489157.136,1.3,20.8,0.033,15.2,12.9,17.9,160.9,1511,16.4,929.1,16
14,531711.978,489152.905,1.3,5.5,0.23,9.8,10.5,9.1,53,142.2,1.8,929,20
15,531673.171,489122.685,18.213,18.2,0,33.2,36.8,30,767.8,5845.4,10.4,913.8,9
16,531709.336,489157.277,1.3,20.1,0.188,23.1,19,28.2,346.7,1690,8.3,914.4,8
17,531711.714,489152.858,1.3,7.4,0.093,14.4,15,13.9,131.6,723,5.9,928.5,13
18,531720.35,489144.68,1.3,18.4,0.125,8.8,7.3,10.7,50.6,166.2,12.9,937.1,18
19,531663.047,489149.475,1.3,5.3,0.304,22.5,19.5,26,337.8,1400.2,2.7,895.3,12
20,531757.799,489210.276,1.3,18.1,0.498,13.1,13.4,12.9,123.7,696.6,14.6,933.1,22
21,531762.254,489220.078,1.3,5.3,0.135,4.8,5.2,4.4,15.3,30.7,3.4,925.8,21
22,531792.573,489167.715,1.3,2,0.099,5.9,4.7,7.5,20.9,26.9,2.1,949.4,28
23,531740.221,489153.053,1.3,32.6,0.448,17.7,19.4,16.2,232.6,2305,21.9,944.1,31
24,531797.741,489163.123,1.3,21,0.248,30,24.2,37.3,667.9,7639.3,14,943.8,29
25,531716.517,489146.221,1.3,28.4,0.243,24.2,22.8,25.7,350.9,1224.6,18.3,933.5,17
26,531729.213,489141.572,1.3,13,0.213,6.7,5.9,7.5,31.7,103.2,7.3,946.2,38
27,531776.981,489192.376,19.662,16.9,0,26.8,31.1,23.1,434.7,2188.6,11.9,941.5,24
28,531760.166,489199.203,1.3,24.9,0.211,30,28.5,31.5,662.8,3754.7,10.1,929.2,23
29,531761.148,489149.279,1.3,13.8,0.115,37.8,37.4,38.3,969.1,11814.9,13.1,940.2,34
30,531725.175,489151.243,1.3,29.8,0.346,18.7,15.1,23.1,256.9,543,15.1,930.5,32
31,531729.631,489153.951,1.3,33.3,0.374,29.2,28.3,30.2,529.6,5369.6,10.2,928.8,30
32,531767.555,489133.675,1.3,14.9,0.193,22.8,18,29,393.3,2958.8,10.2,932.8,42
33,531723.187,489136.237,1.3,25.4,0.376,11.4,11.8,11.1,103.1,405.1,20.1,942.4,39
34,531729.591,489149.542,1.3,39.9,0.46,8.4,8.7,8.1,49.5,190.7,18.1,939.7,33
35,531738.659,489183.195,17.054,7.2,0,55.7,44.3,70.1,2462.3,10824.4,8.6,897.5,26
36,531814.148,489122.636,18.132,26.2,0,18.3,15.7,21.4,264.5,1935.7,9.7,922.6,60
37,531749.49,489189.228,1.3,13.9,0.09,16.9,13.7,20.8,198.1,1107.3,14.5,936.7,25
38,531801.034,489184.421,1.3,20.4,0.337,26.7,26.5,27,493.5,5673.8,10.8,943.7,27
39,531751.472,489185.622,1.3,19.8,0.104,29.3,28.2,30.5,573.9,4256.2,7,934.3,57
40,531741.589,489144.824,1.3,3,0.065,4.4,3.7,5.3,14.8,28.9,3.2,949.2,52
41,531764.2,489147.421,1.3,4.1,0.086,26.8,27.4,26.3,378.2,1903.1,21.8,947.2,36
42,531742.19,489128.154,1.3,22.8,0.289,12.1,8.7,16.8,109.6,911.6,11.2,943.2,43
43,531792.514,489161.799,1.3,19,0.198,11.1,10.5,11.8,84,260.6,13.7,948.9,46
44,531735.24,489136.337,1.3,4.7,0.439,3.1,3.3,2.9,5.2,7.4,1.7,949.6,40
45,531733.442,489148.841,1.3,18.7,0.21,5.3,4.9,5.8,22.6,103.6,8.3,944,35
46,531757.762,489181.713,1.3,5.5,0,4.4,3.8,5.1,13.2,27.4,2.3,947,61
47,531772.789,489140.217,1.3,3,0.218,20.3,24,17.1,279.2,1636.4,7.9,944.2,47
48,531736.495,489144.534,1.3,3.9,0.128,9,12.3,6.6,50.8,111,1.6,946.2,37
49,531749.509,489238.013,1.3,7.9,0.104,69.5,110,43.9,1952.6,11024.7,6.2,895.2,63
50,531779.446,489154.848,1.3,12,0.121,32.7,38.2,28,587.3,4648.6,7.6,941,59
51,531847.418,489134.241,1.3,13.8,0.13,22,21.9,22.2,350.1,3031.6,10.4,910.7,82
52,531814.125,489194.597,1.3,14.9,0.081,41.7,44.2,39.4,1098.8,8084.9,6.1,924.1,56
53,531758.39,489131.548,1.3,6.8,0.462,28.9,34.3,24.3,608.8,4760.8,8,931.8,48
54,531743.309,489126.033,1.3,13.7,0.258,18.4,11.8,28.6,201.1,578,14.5,943.9,45
55,531748.471,489126.856,1.3,10.5,0.182,2,1.6,2.5,2.4,5.3,5.9,942.1,44
56,531763.215,489227.437,1.3,2.8,0.152,56.3,53.5,59.3,1959.3,12865.8,5.4,897.6,68
57,531783.604,489158.581,1.3,16.8,0.384,17.9,19.9,16.1,189.7,781.3,9.1,948.8,51
58,531733.38,489134.447,1.3,25.6,0.342,11.2,9.8,12.9,82,516.8,15.6,948.9,41
59,531832.952,489131.019,1.3,14.1,0.128,4,4.5,3.5,9,14.8,10.4,924.1,72
60,531753.74,489235.159,1.3,6.7,0.286,5.2,5.2,5.3,17,44.9,2.5,911.8,69
61,531829.006,489165.188,1.3,12.8,0.092,32.2,36.7,28.2,606.2,4524.2,6.4,934.1,85
62,531839.752,489138.695,1.3,6.6,0.299,5.8,6.1,5.6,23.2,103.8,23.5,924.8,71
63,531797.512,489168.552,1.3,11.7,0.077,5.6,4.3,7.4,21.6,58.9,8.1,947.9,55
64,531759.968,489186.611,1.3,23.3,0.239,11.5,13.3,10,94.3,500.5,11.7,947.9,49
65,531746.222,489144.143,1.3,2.9,0.135,6.3,5,7.9,25.8,58.6,4.6,950.6,53
66,531833.547,489201.301,16.878,13.7,0,53,43.5,64.6,1836.9,16938.6,7.3,899.2,81
67,531747.49,489129.328,33.353,20.3,0,15.1,14.1,16.2,156.1,1830.9,21.9,944.9,54
68,531726.479,489175.647,1.3,3.8,0.516,42,38.3,46.1,1039.8,5472.7,8.4,910.2,50
69,531842.756,489127.837,1.3,14.1,0.259,8.6,9.4,7.9,48.5,128.1,8.7,918,74
70,531852.482,489149.67,1.3,12.1,0.114,14.7,15.3,14.1,127.5,730.6,12.1,916.4,77
71,531900.471,489136.658,1.3,4.2,0.125,9.8,7.5,12.9,52.1,136.4,1.3,886.3,111
72,531849.483,489168.594,1.3,11.5,0,22.2,23.5,20.9,305.2,2977.4,9,924.8,90
73,531737.703,489235.869,12.517,7.4,0,15.8,19.4,12.8,113.7,247.7,4.6,897.8,62
74,531764.256,489237.064,6.061,3.2,0,13.5,15.9,11.4,85,256.5,1.6,915.1,65
75,531788.843,489168.644,1.3,9.5,0.023,16.9,18.7,15.3,180.1,1221.4,7.8,950.2,58
76,531854.29,489156.07,1.3,15.2,0,14.1,12.8,15.5,129.5,1092.2,5,923.6,87
77,531759.326,489220.727,4.285,4.2,0,12.4,14.3,10.7,101.6,296.8,1.3,921.3,66
78,531866.265,489166.297,1.3,27.8,0.265,18,22.5,14.4,184.3,1107.1,14.2,913.2,70
79,531833.38,489161.437,1.3,17.2,0,16.1,15.7,16.6,168.6,785,8.4,930.4,92
80,531827.015,489172.027,1.3,12.9,0.084,8.2,10,6.7,48.2,136.5,6.1,938.5,84
81,531906.324,489146.575,1.3,5.7,0.56,11.9,13.1,10.8,91.7,236.8,4.4,886.4,117
82,531910.654,489213.057,1.3,5.3,0.187,16.7,14,19.9,187.2,1365.7,7.5,906.3,99
83,531754.615,489234.503,1.3,3.6,0.283,4.9,5.5,4.3,14.2,26.6,2.3,912.2,64
84,531826.719,489126.481,1.3,14.9,0.253,17.4,17.5,17.4,212,1604.8,9.5,923.5,79
85,531756.68,489232.61,4.056,3.9,0,4.1,4.9,3.4,10,25.8,1.7,918.6,67
86,531917.63,489221.571,1.3,2.7,0.406,11.3,10.6,12,69.1,190.5,1.3,906.4,95
87,531833.212,489125.297,1.3,14.7,2.028,17.1,13.5,21.7,233.1,425.1,6.8,919.4,75
88,531851.127,489147.441,1.3,13.3,0.368,18.7,24.9,14,212.1,1595.5,8,914.5,78
89,531921.443,489211.981,1.3,5.7,0.141,15.6,11.9,20.5,193.5,685.4,1.2,905.3,100
90,531926.271,489221.243,1.3,8.5,0.184,10,9.5,10.6,64,246,2.2,900.2,96
91,531869.663,489180.993,1.3,26,0.357,46.7,35.1,62.2,1606.7,12100.2,9,911.9,120
92,531879.585,489212.342,13.579,2.2,0,44,46.9,41.2,1229,6506.2,5.9,912.4,101
93,531835.989,489130.837,1.3,12.9,0.139,5.2,6.4,4.2,17.8,49.8,6.5,921.1,73
94,531911.487,489139.364,1.3,3.7,0.787,3.3,2.6,4.1,5.9,6.4,1.9,883.2,109
95,531858.068,489183.693,1.3,17.4,0.134,40.3,31.6,51.4,1240.7,22787.7,10.5,916.2,88
96,531912.044,489150.212,1.3,4.8,0.074,19.9,21.2,18.6,276.2,809.2,1.7,890,108
97,531847.394,489149.561,1.3,11.5,0.114,17.4,16.7,18.1,198.5,1192.2,6.8,924.3,76
98,531835.754,489185.675,1.3,18.8,0.115,24.4,25.9,23,450.4,3955.6,6,929.4,83
99,531899.888,489136.486,1.3,5.8,0.11,5.7,6.3,5.2,25.9,57.2,1.9,892.8,118
100,531939.356,489192.839,3.954,3.6,0,4.5,4,5,10.6,13.8,1.3,900.7,105
101,531915.503,489196.352,1.3,3.2,0.062,3.1,2.9,3.4,5.8,9.4,2.6,904.1,123
102,531934.186,489210.012,1.3,8.1,0.059,5.6,3.7,8.4,22.6,53.2,1.7,900.1,103
103,531866.138,489162.474,1.3,17,0.26,34.9,26.5,46,766.2,11914.7,17,913.3,80
104,531927.623,489188.575,1.3,6.3,0.155,9,7.3,11,38.9,82.8,2,900.6,114
105,531825.501,489150.468,1.3,14.6,0,31.2,30.3,32.1,535.6,5501.4,6.9,929.7,93
106,531928.048,489221.667,1.3,5.5,0.228,0.8,0.8,0.8,0.3,0.4,2.5,900.3,113
107,531851.759,489175.797,1.3,18.1,0,20.2,22.8,17.9,240.6,2707,14.5,924.1,89
108,531836.605,489134.661,1.3,17.6,0,15.2,15.6,14.8,152.8,1200.5,11.5,922.2,94
109,531664.596,489060.9,1.3,2,0.103,7.6,8.1,7.2,23.9,42.2,2.9,936.7,137
110,531915.613,489111.812,20.678,27,0,29.2,28.4,30,518.1,2048.3,7,882.9,124
111,531926.897,489243.23,44.39,44.4,0,69.6,70.6,68.6,1270.6,7181.6,25.7,900,129
112,531907.853,489169.841,44.057,4,0,40.4,43,37.9,1045.4,11596.5,14.5,900.8,106
113,531835.475,489208.83,1.3,21.9,0.215,64.3,67.5,61.2,2657.6,33773,14.5,902.7,86
114,531930.023,489214.812,1.3,6,0.214,4.5,4.5,4.5,13.2,35.9,2.1,901.6,115
115,531928.283,489213.338,1.3,3.4,0.143,5.6,5.5,5.7,21.6,65.8,1.8,905.7,98
116,531902.908,489230.722,1.3,2.7,0.074,11.1,10.9,11.3,85.4,171.5,1.8,912.3,126
117,531824.64,489163.123,1.3,11.8,0.046,7.8,7.5,8.1,40.9,129.6,3.2,937.7,91
118,531915.356,489219.284,1.3,2.8,0.195,11.3,10.8,11.9,78.3,197.6,3.1,908.6,97
119,531604.736,489059.427,1.3,3.8,0.032,28.4,21.5,37.5,481.9,1110.9,5.1,892.4,140
120,531661.816,489060.625,1.3,14.2,0.215,6.6,6.1,7.1,32,119,10.6,935.8,138
121,531654.122,488992.054,1.3,4.9,0,6.2,6.2,6.2,18.3,34.7,1.4,907.9,161
122,531629.827,489065.18,1.3,16.7,0.151,3.7,3.6,3.9,11,47.9,8,914.3,134
123,531939.884,489190.499,1.3,5.2,0.074,48.5,39.9,59,1528.1,13671.4,4.7,899.9,107
124,531881.367,489147.769,1.3,16,0.146,54.3,48.5,60.7,1940.7,37424.8,19.3,898.5,122
125,531896.339,489210.356,1.3,2.5,0.106,8.6,9.7,7.6,46.6,86.6,2.6,912.7,102
126,531663.108,489062.843,1.3,3.8,0.126,4.2,4.7,3.7,12.5,29.8,2.1,935.3,136
127,531899.862,489133.644,1.3,3.2,0.083,11.8,15.3,9.1,106.9,320.5,2.1,883.3,112
128,531934.067,489209.573,1.3,4.3,0.132,11.9,10,14.2,86.4,366,4.6,900.5,104
129,531640.838,488998.401,1.3,31,0.082,13,9.7,17.5,109.6,502.8,16.3,909.4,157
130,531674.103,489055.955,1.3,10.6,0.303,5.2,5.3,5.1,7.6,10.6,3.5,937.4,143
131,531596.612,488981.784,4.497,2,0,9.9,7.2,13.5,53.5,84.9,1.1,886.4,163
132,531670.646,489059.317,1.3,18.9,0.386,9.5,9.1,10,60.5,322.5,9.8,938.8,141
133,531929.013,489217.399,1.3,5.3,0.175,4.7,5.9,3.7,15.9,45,2.2,901.4,121
134,531919.421,489227.961,1.3,4,0.212,26.1,27.7,24.6,313.1,1391.4,3.2,900,130
135,531903.054,489138.682,1.3,7.6,0.101,8.2,8.6,7.8,46,98.4,1.4,885.6,110
136,531643.524,488997.348,1.3,11.8,0.103,11.2,10.7,11.8,84.9,279.5,6.8,911.6,158
137,531929.013,489211.98,1.3,5.5,0.33,20,15,26.7,266,992.5,3.2,901,116
138,531872.831,489249.696,1.3,19.9,0.275,39.4,40.3,38.6,1098,7777.3,6.2,898.7,125
139,531628.84,489056.894,1.3,30.9,0.291,18.1,17.7,18.5,232.1,2326.8,24.5,913.8,177
140,531669.372,489053.889,3.171,3.2,0,2.7,3,2.5,5.2,10.1,3.2,937.1,146
141,531654.101,489047.336,1.3,25.3,0.153,38.8,36.3,41.4,1083.2,17407.4,13.1,915.5,175
142,531611.416,489033.503,3.198,2,0,5.9,3.9,8.9,24.4,52.7,3.2,900.2,148
143,531918.248,489224.578,1.3,2.8,0.163,2.6,3.3,2,4,7,2.7,909.6,128
144,531665.659,489056.997,1.3,17.3,0.244,22.1,18.2,26.9,347.2,3031.2,11.7,932.3,142
145,531875.09,489140.506,1.3,4.4,0.44,33.1,35.2,31.1,811.4,5919,11.4,898.5,119
146,531638.397,488984.24,24.865,21.6,0,15.2,13,17.8,160.5,883.3,12,906.1,160
147,531894.014,489230.242,1.3,6.4,0.227,26,22.8,29.6,466.9,2120.4,2,900,127
148,531625.04,489061.231,1.941,1.9,0,3.6,5.5,2.3,7.4,7.4,1.9,911.7,135
149,531675.704,489053.325,1.3,5.7,0.072,11.7,14.5,9.5,93.8,245.9,2.7,931.8,179
150,531673.235,489059.619,1.3,20.1,0.32,21.3,20.7,21.9,313.1,2664,12.9,939.3,166
151,531674.032,488997.964,1.3,3.9,0.7,7.4,9.2,6,39.3,78.6,1.6,904.4,176
152,531615.987,489013.685,1.3,3.4,0.136,21.4,16.3,28,265.6,567.1,3.6,891.2,168
153,531648.169,489076.393,1.3,4.7,0.157,72.2,63.7,81.8,3820.7,13096.1,22.7,878.5,131
154,531608.29,489039.325,1.3,3.4,0.412,12,6.9,21,101.8,163.9,2.9,897.5,149
155,531642.474,489069.145,8.453,2.5,0,16.6,17,16.3,168.5,529.4,3.1,915.5,132
156,531599.414,488980.96,1.3,8.4,0.043,25,19.4,32.2,420.8,1031.8,3.3,884.3,164
157,531666,489059.518,1.3,13.9,0.278,6.6,7.4,5.9,34.1,112.1,11.5,938,139
158,531671.686,489054.859,1.3,16.2,0.214,8.7,10.5,7.2,57.2,254.7,12.5,934.6,144
159,531699.4,489120.669,1.3,23.5,0.152,40.2,32.1,50.3,1057.4,5032.9,20.1,911.7,202
160,531583.551,489016.819,1.3,7.4,0.162,34.1,27.3,42.5,704,3386.9,3.5,882,181
161,531622.811,489048.75,1.3,18.7,0.334,9.5,9.1,10,56.7,174.2,18.4,911,182
162,531622.791,489046.052,1.3,13.2,0.142,23.1,17.1,31.2,390.3,2094.9,13.3,903.6,186
163,531602.369,489039.674,4.229,4,0,8.8,5.4,14.5,58,139.1,1.3,892.2,147
164,531648.52,489007.795,1.3,14.6,0.217,8.6,7,10.6,50.6,178.5,7.9,914.8,155
165,531670.753,489066.55,1.3,24.5,0.165,13.8,15,12.7,143.8,1158.2,14.2,939.8,133
166,531666.913,488980.022,1.3,12.6,0.183,15.3,12.2,19.2,166.7,239.8,5.6,899.1,172
167,531588.671,489061.842,8.936,1.8,0,38.6,20.7,71.9,916.1,3664.3,2.2,885.3,145
168,531645.161,489010.698,1.3,23.2,0.326,25.6,26.6,24.7,468.6,3471.6,16.5,907,153
169,531816.477,489076.886,1.3,2.7,0.117,9.5,10.7,8.5,63,131.4,1.4,901.1,206
170,531625.689,489040.396,1.3,29.7,0.088,25.2,28.7,22.2,437.4,2783.1,17,899.1,183
171,531673.079,489085.907,1.3,7.7,0.111,30.3,30.7,30,547.9,1933.1,3.3,931.3,189
172,531799.145,489051.01,1.3,6.1,0.294,25,30.7,20.3,404.7,1486.9,3.2,893.4,222
173,531652.164,489008.045,1.3,11,0.415,5.6,4.8,6.5,15.7,23.5,2.8,916.8,154
174,531612.884,489026.648,3.613,3.6,0,8.1,7.8,8.5,36.8,66.5,1.5,895,167
175,531606.352,489038.034,1.3,2.4,0.131,8.4,6.9,10.2,43.8,70.8,2.5,891.9,150
176,531674.693,489047.934,1.3,19.1,0.05,30.2,35.3,25.8,638.1,6097.7,13.5,921.5,174
177,531629.958,489024.196,1.3,27.1,0.294,28.1,31.2,25.3,570.1,3042,16.6,898.3,151
178,531627.451,488982.383,7.429,7.4,0,40.3,38.8,41.8,1075,3198.9,2,889.7,169
179,531763.983,489044.622,1.3,14.6,0.259,8.2,8.2,8.3,44.6,145.7,19.9,905.8,213
180,531702.935,489026.577,1.3,8.1,0.358,23.8,18.8,30.2,394.3,1828.1,4.8,906.8,195
181,531744.198,489075.073,1.3,18,0.034,30.4,27.8,33.2,602.8,3249.9,10.1,920.4,208
182,531773.674,489067.36,1.3,22.9,0.247,23,25.6,20.7,407.7,2697.8,11.9,904.1,225
183,531653.843,488995.386,1.3,4.1,0.314,8,7.8,8.2,40.5,76.5,3.1,911.9,159
184,531669.449,489087.241,1.3,11.3,0.15,24.4,22.2,26.9,396.2,2913.9,12.7,923.2,188
185,531614.943,489022.697,1.3,4.8,0.182,10.5,10.5,10.6,77.8,191.4,2.4,893.5,152
186,531605.539,489039.135,1.3,4.3,0.239,1.3,1.8,1,1.4,2.2,1.9,896,184
187,531627.223,489070.82,3.278,4.7,0,12.7,12.1,13.3,102.2,193.9,3.3,904.1,165
188,531669.697,489076.418,1.3,22.4,0.172,31,32.4,29.7,675.6,5115.9,15,931.4,185
189,531788.116,489055.882,1.3,13,0.173,24.1,19.7,29.6,417.2,2710.1,3.6,895.5,226
190,531723.799,488980.158,5.831,16.5,0,30,30,30,888.5,3605.7,2.4,880.5,196
191,531804.72,489061.676,1.3,30.8,0.299,18.3,24.3,13.8,224.5,798.7,9.9,898.6,211
192,531739.021,489019.835,1.3,13.2,0.322,70.5,71.9,69.1,4143.1,18517.6,7.1,880.7,230
193,531613.585,489036.277,2.245,3.4,0,2.2,2.3,2.2,3.8,4.8,2.2,903.3,171
194,531689.415,489013.837,1.3,3.6,0.249,19.4,20.1,18.8,229.5,600.5,2.5,904,193
195,531653.609,489005.871,1.3,17.4,0.358,11.8,13,10.8,95.3,417.6,10.1,914.1,156
196,531670.6,489089.422,1.3,5.7,0.24,1.8,1.8,1.9,1.9,3.3,1.8,932.1,191
197,531665.697,488986.579,1.3,3.3,0.048,53.7,51.1,56.4,2000,12263.8,9,900.3,170
198,531615.834,489098.5,1.3,3.8,0.148,38.1,39.1,37.2,854.2,2563,2,882.1,187
199,531772.587,489069.35,1.3,19.8,0,6.8,6.4,7.3,33.1,130.6,10.9,909.7,235
200,531704.21,489122.596,1.3,13.7,0.163,11.7,9.9,13.8,88,324.9,11.5,936.2,199
201,531749.042,489042.442,1.3,13.3,0.251,21.4,24.7,18.5,286.4,1434.1,4,905.7,214
202,531811.475,488996.058,1.3,10,0.08,21.9,19.5,24.6,276.1,2218.3,3.8,877.4,231
203,531707.114,488990.364,1.3,2.8,0.119,8.4,7.3,9.6,46,109.4,3.4,892,194
204,531729.671,489053.783,1.3,8.8,0.074,55.6,44.8,69,1936.5,18701.9,4.4,907.9,212
205,531641.304,488987.929,1.3,13.3,0.255,2.7,2.3,3.2,4.5,11.3,9.9,910.2,162
206,531729.925,489070.575,30.637,28.2,0,35.8,30,42.7,1032.2,16314.9,17.1,927.3,200
207,531647.479,489064.416,1.3,31.8,0.094,26.3,22.4,30.8,474.2,6834.3,24.2,923.8,173
208,531668.218,489108.205,1.3,6.5,0.352,27.7,25.2,30.5,566.7,3557.7,9.5,915.3,190
209,531748.786,489086.682,1.3,29,0.43,31.5,22.4,44.4,569.1,3838.2,12.9,924.5,245
210,531746.578,489075.765,3.213,2.3,0,1.2,0.9,1.6,0.9,0.6,1.1,923.5,205
211,531770.137,489058.309,1.3,6.4,0.065,24.1,29.9,19.5,429.3,3142.2,17.7,903.2,221
212,531783.863,489116.967,1.3,11.9,0.334,16,16.9,15.1,162.2,764.1,5.3,929.8,237
213,531715.272,489069.525,1.3,21.5,0.065,55.2,62.6,48.6,2169.5,18769.7,11.7,918.1,197
214,531770.229,489037.716,1.3,9.3,0.165,18.9,21.1,16.9,193.8,486,4.1,900.1,228
215,531667.685,489051.194,1.3,6.1,0.115,15.9,16.6,15.2,161.7,754.7,25.7,932.5,180
216,531818.852,489074.14,1.3,17.8,0.11,8.6,8.4,8.8,52.3,212.8,11.1,900.7,209
217,531667.336,489067.535,1.3,28.6,0,7.4,7.6,7.2,38.3,242.2,21.4,936.8,178
218,531708.774,489125.391,1.3,30.7,0.435,21.2,21.1,21.3,359.2,2344.1,17.5,932.8,198
219,531807.238,489086.039,1.3,25.8,0.228,4.7,4.9,4.5,12.4,25.3,18.9,909.7,246
220,531760.344,489066.284,1.3,13.4,0.49,6.6,7.4,5.9,26.8,50.5,7.1,913.8,210
221,531798.887,489034.331,3.626,4.6,0,6.4,6.7,6.2,24.6,54.9,3.6,892.5,224
222,531738.464,489094.098,1.3,21.2,0.081,53.1,46.1,61.2,2110.3,6103.4,17.1,929.9,250
223,531707.617,489122.468,1.3,21.3,0,6.1,6.5,5.8,23.2,97.1,9.4,944.7,201
224,531799.309,489072.586,1.3,23.4,0.431,23.8,23.7,23.9,440.5,2330.3,19.2,903,234
225,531703.053,489119.633,1.3,13.4,0.095,20.2,14.6,28,312.2,969,7.5,945.5,204
226,531735.276,489015.101,1.3,24.4,0.252,8.1,7.4,8.9,39.7,173,16.5,903.5,216
227,531662.354,489102.646,1.3,19.3,0,23.3,22.9,23.8,397.7,4699.5,12.1,915.8,192
228,531762.376,489037.151,1.3,4.3,0.156,65.4,68.3,62.6,2749,12384.5,7.2,882,215
229,531793.61,489083.967,1.3,5.8,0.119,2.3,2.1,2.6,4,8.1,3,912.7,249
230,531775.558,489121.291,1.3,4.6,0.305,29.2,29.8,28.6,486.7,1673,14.3,936.9,248
231,531794.601,489111.99,1.3,17.6,0.448,14.3,18.2,11.2,142.6,1044.1,14.1,927.4,239
232,531810.21,489080.653,1.3,6.2,0.151,23,18.5,28.6,331.7,2106.4,8.4,904.8,252
233,531760.241,489076.085,1.3,16.5,0.145,23.5,29.3,18.9,407.3,4525.9,9.6,910.7,207
234,531777.644,489100.774,1.3,12.1,0,46.8,40.4,54.2,1311.4,10466.8,17.3,920.6,240
235,531810.343,489074.453,1.3,16.4,0.424,5.8,5.7,6,27.2,88.9,11.8,904,219
236,531750.659,489044.362,1.3,2.2,0.054,1.9,2.5,1.5,2.1,1.8,2.1,911.3,223
237,531711.645,489120.398,1.3,13,0.164,35,30.1,40.7,951.5,8834.7,24.5,940.2,203
238,531819.212,489003.194,1.3,9.6,0.252,5.2,5,5.4,16.1,29.3,2.5,880.3,217
239,531789.697,489122.042,1.3,30.2,0,36.8,42.1,32.1,874,10839.5,13,923.6,259
240,531799.794,489090.68,1.3,9.2,0.308,23.3,23.3,23.4,360.3,2578.3,12.6,912.1,251
241,531825.653,489077.274,1.3,15.7,0.123,6.3,5.9,6.8,25.7,65.5,14.1,900.9,260
242,531815.248,489109.668,1.3,16.8,0.057,34.5,31.8,37.5,736.9,5465.9,9.2,912.5,255
243,531788.517,489112.865,1.3,30.8,0.497,20.6,21.2,20.1,331.4,4223.5,19.9,920.4,238
244,531832.069,489026.227,1.3,2.2,0.133,28.1,26.9,29.4,415.8,3166.1,9.9,879.5,263
245,531746.468,489066.691,1.3,13.4,0.254,25.2,22.1,28.7,452.3,5338.8,10.7,910.4,227
246,531773.44,489120.742,1.3,11,0.546,16,19.6,13.1,160.3,784.9,25.8,937.7,236
247,531791.564,488970.136,19.594,19.4,0,34.8,40.3,30,505.5,4629.5,5.3,880.5,218
248,531795.66,489092.062,1.3,17.3,0.134,9.4,9.2,9.7,61.1,174.4,13.7,913.7,243
249,531825.858,488999.988,8.097,10.8,0,32.1,31.8,32.4,436.7,2426.2,2.3,877,265
250,531823.326,489076.143,1.3,5.8,0.283,11.1,11.1,11.2,79.6,252.4,1.7,898.1,261
251,531864.536,489116.621,1.3,16.5,0.178,6.1,6.3,6,28.7,125.8,10,902.4,271
252,531789.29,489087.54,1.3,15.6,0.116,20.7,25.8,16.6,217.8,813.6,8.4,913.4,257
253,531813.459,489079.65,1.3,15.4,0.071,8.1,6.1,10.8,45.2,89.1,8.9,904.4,253
254,531846.417,489037.388,1.3,5.1,0.668,4.3,4.6,4.1,10.9,17.9,1.7,882.2,264
255,531819.866,489002.534,1.3,6.6,0.058,2.6,3.7,1.8,4.1,4.2,1.8,880.3,233
256,531784.711,489099.459,23.981,2.6,0,26,29.5,22.9,381.5,2610.1,9.6,914.4,241
257,531808.112,489066.926,4.689,4.5,0,9.4,9.1,9.7,58.6,111,1.9,900.1,220
258,531752.393,489081.715,1.3,10.5,0.089,20.9,20.3,21.5,269.7,1639.7,28.4,918.9,258
259,531851.376,489121.112,1.3,22.8,0.15,6.2,5.8,6.7,28.9,91.3,20.9,910.6,270
260,531842.325,489031.314,1.3,7.1,0.243,31.3,30,32.6,525.3,5444.5,9,880.8,266
261,531824.537,489092.036,1.3,2.7,0.092,9.8,8.5,11.3,62.1,176.3,4.2,904.8,276
262,531828.848,489082.465,1.3,14.1,0.08,7.3,7.6,7.1,38.9,92.6,12.1,901.4,279
263,531833.57,489094.91,1.3,16.7,0.122,33.5,31.8,35.2,721.8,8355.8,10.9,898.1,282
264,531860.041,489109.045,1.3,18.7,0.144,21,20.1,21.9,309.4,2526.8,16.4,897.2,273
265,531794.968,489093.873,1.3,19.2,0.315,5.7,5.2,6.2,20.6,53.5,11.6,916.9,242
266,531797.839,489087.393,1.3,15.9,0.19,9.1,10.2,8.1,60.5,109.7,7.2,909.3,244
267,531753.539,489037.582,1.3,9.9,0.069,5.1,4.5,5.8,19.2,40.1,4.6,906.5,229
268,531821.924,489073.147,1.3,5.3,0.204,47.9,41.4,55.4,1440.2,5065.3,3.3,884.4,267
269,531866.773,489116.28,1.3,20.5,0.224,9,11,7.3,55.4,131.7,17.9,901.3,272
270,531829.018,489093.451,1.3,5.6,0.176,23.3,19,28.5,306.9,1827.8,6.3,905.4,275
271,531873.809,489058.53,1.3,16.4,0.696,27,25.4,28.8,354.6,2575.5,5.6,880.5,294
272,531855.265,489118.933,1.3,16.7,0.254,18.5,18.3,18.7,175.3,441.3,12.7,903.2,281
273,531876.175,489068.331,1.3,1.7,0.17,1,0.8,1.3,0.6,0.6,1.9,882.3,296
274,531822.813,489083.249,1.3,18.6,0.026,12.8,10.9,15,114.2,387.2,14.7,903.3,278
275,531748.969,489086.053,1.3,3.5,0.231,6.4,7.5,5.4,21.6,50.4,2.8,924.2,254
276,531791.393,489083.002,1.3,11.7,0.095,4.6,4.4,4.9,15.6,58,7.8,913.3,247
277,531775.826,489048.038,1.3,16.9,0.361,11.8,12.3,11.3,80.2,245.4,10.2,901.7,232
278,531841.745,489031.517,1.3,4.5,0.145,3.4,3.4,3.5,7.9,12.9,3.4,882,268
279,531856.704,489083.736,1.3,6.9,0.259,33.4,29.4,38,736.7,2451.2,2,884.8,277
280,531848.062,489112.414,1.3,23.6,0.078,12.2,10.5,14.2,91.9,399.4,7,906,286
281,531658.288,488974.18,13.373,13,0,7.3,7,7.6,41.8,170.2,7.5,899.6,300
282,531885.708,489098.432,1.3,8.2,0.223,4.6,3.7,5.6,12.8,36.1,1.3,883.6,290
283,531879.241,489112.881,9.916,4.5,0,37.1,35.6,38.6,729.6,1677.6,2.7,883.2,297
284,531844.708,489123.367,1.3,6.7,0.149,11,10.1,12,72.6,146.7,2.8,914.2,284
285,531843.993,489035.858,1.3,9.2,0.126,9.6,7.7,11.9,63.9,277.4,4.6,882,262
286,531838.793,489102.053,1.3,6.8,0.322,9.2,10.6,8,45.7,114,1.4,907.3,274
287,531787.258,489098.8,1.3,10.8,0.133,13,14,12,127.4,910,4.3,918.3,256
288,531885.208,489114.324,21.577,6.5,0,47,68.9,32.1,1504.5,3843.6,8.3,883.1,288
289,531830.042,489119.727,1.3,10.2,0.277,12.4,14.3,10.8,88.9,401,7.8,914,285
290,531876.395,489070.154,1.3,7.6,0.166,31.3,29.9,32.7,357.5,2597.7,11.6,881.3,292
291,531630.979,488971.509,4.132,4.1,0,28.3,25.3,31.6,560.6,740.6,1.6,890.4,301
292,531676.194,488979.616,1.3,8.7,0.434,45.5,73.1,28.3,1437.5,3322.3,2.3,884.4,298
293,531657.675,488977.48,1.3,2.6,0.199,21.6,19.2,24.3,262,938.4,2.8,885.1,304
294,531652.7,488972.292,1.3,13.1,0.26,18.9,20,17.8,211,551.7,5.6,889.9,305
295,531845.763,489125.436,1.3,5.1,0.072,15.7,13.6,18.1,132.6,162.1,11.2,914.9,287
296,531849.997,489123.258,1.3,25,0.275,28.8,36.8,22.6,517.9,796.7,13.8,902.6,280
297,531847.964,489122.848,1.3,16.4,0.445,5.6,4.2,7.6,22.8,91.9,8,914.1,269
298,531878.508,489066.722,1.3,6.6,0.197,10.5,11,10.1,53,273.8,5.6,880,293
299,531656.906,488976.867,1.3,6.3,0.073,20.2,19.1,21.3,315.2,449.7,1.4,900,299
300,531879.609,489095.953,1.3,12.3,0.189,12.9,11.8,14,121.3,372.4,1.9,883.8,295
301,531798.31,488979.378,1.3,13.1,0.151,38.1,41.3,35.2,814.6,2939.1,6.8,876,309
302,531646.863,488957.202,7.633,4.8,0,20.4,26.3,15.9,213.9,756.7,1.9,889.8,302
303,531680.964,488970.923,1.3,12.3,0.018,13.7,14.2,13.2,119.4,476.1,4.6,885.5,307
304,531786.6,488961.947,21.872,3.1,0,77.1,81.7,72.8,4343.6,10076,11.3,877.4,310
305,531893.855,489109.719,1.3,12.2,0.541,32.4,36.4,28.8,634.7,4550.9,9.6,882.9,289
306,531873.991,489085.767,1.3,6,0.121,32.5,25.3,41.8,671.8,1229.4,1.3,883.9,291
307,531865.807,489113.603,1.3,20.1,0.856,11,12.5,9.7,85.9,749.5,15,899.3,283
308,531684.99,488969.02,1.3,9.9,0.207,73.5,78,69.3,3990.8,21217.2,4,878.7,308
309,531635.242,488963.507,1.3,6.5,0.121,4.8,6.5,3.5,15.4,39.8,1.9,890.7,306
310,531633.862,488952.109,1.3,5.9,0.222,65.4,67.3,63.5,1505,4076.7,3.3,884.1,303
